name,brand,color,hightop,sole
Hn2 Protoblast Azure,Asics,Blue,Low,Blue Sole
Jordan 1 Travis Scott Fragment Retro Low OG SP Military Blue,Nike,Blue,Low,Plain Sole
Hn2 Protoblast Chocolate Brown,Asics,Brown,Low,Plain Sole
Yeezy Boost 350 v2 Beluga,Adidas,Grey,High,Plain Sole
Oldschool Black,Vans,Black,Low,Plain Sole
Converse Low Black,Converse,Black,Low,Plain Sole
993 Grey,Newbalance,Grey,Low,Plain Sole
Converse Onestar White,Converse,White,Low,Plain Sole
327 Varsity Green,Newbalance,Green,Low,Plain Sole
Converse Low Parchment,Converse,White,Low,Plain Sole
Converse Low Rush Blue,Converse,Blue,Low,Plain Sole
574 Heritage Orange,Newbalance,Orange,Low,Plain Sole
530 Silver,Newbalance,Yellow,Low,Plain Sole
Converse High Parchment,Converse,White,High,Plain Sole
327 White Black,Newbalance,White,Low,Plain Sole
Jordan 1 Low Black Particle Grey,Nike,Black,Low,Plain Sole
Nike Air Force 1,Nike,White,Low,Plain Sole
Jordan1 Retro High og Chicago,Nike,Red,High,Plain Sole
Gel Kayano Black Coffee,Asics,Brown,Low,Plain Sole
Jordan1 Retro High og Black Mocha,Nike,Brown,High,Plain Sole
Vault WTAPS OG Era LX Black,Vans,Black,Low,Plain Sole
Marshmallow Green,Vans,Green,Low,Plain Sole
Converse High White,Converse,White,High,Plain Sole
530 Steel Grey,Newbalance,Steel Grey,Low,Plain Sole
Vans Authentic Red,Vans,Red,Low,Plain Sole
Gel Nimbus Black Gunmetal,Asics,Gunmetal,Low,Plain Sole
Gel-Sonoma French Blue,Asics,White,Low,Plain Sole
Converse High Sunflower,Converse,Yellow,High,Plain Sole
327 Grey,Newbalance,Grey,Low,Plain Sole
Converse High Black,Converse,Black,High,Plain Sole
Hal Studios Gel Smoke Grey,Asics,Brown,Low,Plain Sole
Yeezy Boost 350 v2 Black Red,Adidas,Black,Low,Plain Sole
Era Big Daisies Black,Vans,Black with flowers,Low,Plain Sole
Vault OG Style 43 LX Cadmium Yellow,Vans,Yellow,Low,Plain Sole
Yeezy Boost 700 v2 Static 2022,Adidas,White,Low,Plain Sole
Yeezy Boost 700 Wave Runner Solid Grey,Adidas,Blue,Low,Plain Sole
327 Moonbeam Ghost Pepper,Newbalance,Burgundy,Low,Plain Sole
Checkerboard Slipon,Vans,Black,Low,Plain Sole
Puppylette Core Black,Adidas,Black,Low,Plain Sole
Jordan1 Mid Light Smoke Gray,Nike,Grey,High,Plain Sole
Samba OG Collegiate Green,Adidas,Green,Low,Rubber Sole
Nike Sacai VaporWaffle Black and Gum,Nike,Black,Low,Plain Sole
237 Moonbeam Classic Burgundy,Newbalance,Burgundy,Low,Plain Sole
Marshmallow Red,Vans,Red,Low,Plain Sole
Vans Sk8 Hi Golden Yellow,Vans,Yellow,High,Plain Sole
Gel White Green,Asics,Green,Low,Green Sole
Jjjjound Gel Kayano Silver Black,Asics,Whte,Low,White Sole
Gel Quantum Vii Kiso Oyster Grey,Asics,Purple,Low,Plain Sole
Jordan1 Retro High og University Blue,Nike,Blue,High,Plain Sole
574 Grey,Newbalance,Grey,Low,Plain Sole
Converse High Midnight Clover,Converse,Green,High,Plain Sole
Andersson Bell Gel Sonoma Bright Rose Evergreen,Asics,Pink,Low,Yellow Sole
Jog 100 Black,Asics,Black,Low,Plain Sole
Dunk Low Retro Black,Nike,Black,Low,Plain Sole
Nike Dunk Low Retro PRM Halloween,Nike,Orange,Low,Plain Sole
Converse High Deep Bordeaux,Converse,Burgundy,High,Plain Sole
Converse Low Midnight Clover,Converse,Green,Low,Plain Sole
Nike Dunk Low Retro Wolf Grey,Nike,Grey,Low,Plain Sole
574 Heritage Navy,Newbalance,Navy,Low,Plain Sole
Yeezy Boost 350 v2 Zebra,Adidas,White,High,Plain Sole
Yeezy Boost 350 v2 Dazzling Blue,Adidas,Blue,Low,Plain Sole
Converse Onestar Black,Converse,Black,Low,Plain Sole
574 Navy,Newbalance,Navy,Low,Plain Sole
Authentic Dx Anaheim Factory Emerald Green,Vans,Green,Low,Plain Sole
Vault OG Style 36 LX Suede Canvas Pomegranate,Vans,Burgundy,Low,Plain Sole
Nike Sacai VaporWaffle White and Gum,Nike,White,Low,Plain Sole
Vans Style 36 Suede Dress Blues,Vans,Blue,Low,Plain Sole
Andersson Bell Protoblast Butter,Asics,Brown,Low,Plain Sole
Adidas Gazelle Almost Yellow,Adidas,Yellow,Low,Plain Sole
Paisley Comfycush Era Black,Vans,Black with patterns,Low,Plain Sole
Converse Low White,Converse,White,Low,Plain Sole
Converse Low Deep Bordeaux,Converse,Burgundy,Low,Plain Sole
Adidas Stan Smith,Adidas,Green,Low,Plain Sole
Converse High Rush Blue,Converse,Blue,High,Plain Sole
Jog 100 S Sheet Rock,Asics,Green,Low,Plain Sole
327 Black,Newbalance,Black,Low,Plain Sole
Samba Vegan White Black,Adidas,White,Low,Plain Sole
Jordan 1 Low Golf Wolf Grey,Nike,Grey,Low,Plain Sole
Adidas Superstar Black,Adidas,Black,Low,Plain Sole
Ub4 Gel Demitasse,Asics,Yellow,Low,Plain Sole
Ub4 Gel Graphite Grey,Asics,Blue,Low,Plain Sole
Converse Low Sunflower,Converse,Yellow,Low,Plain Sole
Vault Bianca Chandon Old Skool LX Stressed Red White,Vans,Red,Low,Plain Sole
Vault Bianca Chandon Authentic LX Navy White,Vans,Blue,Low,Plain Sole
Yeezy Boost 350 v2 Salt Core Black,Adidas,Green,Low,Plain Sole
Nike StrangeLove SB Dunk Low Pink,Nike,Pink,Low,Plain Sole
Dunk Low Retro Gym Red,Nike,Red,Low,Plain Sole
Vault Nigel Cabourn OG Authentic LX Worn White Navy,Vans,Beige,Low,Navy Sole
Nike SB Dunk Low Pro Chicago,Nike,Red,Low,Plain Sole
Yeezy Boost 350 v2 Bone,Adidas,White,High,Plain Sole
530 Steel Blue,Newbalance,Steel Blue,Low,Plain Sole
Rhude Acer NI SP Bandana Neon,Vans,Pink,Low,Plain Sole
Gel Birch,Asics,Beige,Low,Plain Sole
Gel White Midnight,Asics,White,Low,Orange Sole
327 Grey Purple,Newbalance,Purple,Low,Plain Sole
2002R Nightwatch Green,Newbalance,Green,Low,Plain Sole
Adidas Samba Vegan Black,Adidas,Black,Low,Plain Sole
